URL,Last crawled
https://sureodds.ng/paulo-dybala-remains-focused-on-roma-amid-looming-free-agency/,2026-06-25
https://sureodds.ng/home/,2026-06-22
https://sureodds.ng/everton-vs-liverpool-match-postponed-due-to-storm-darragh-safety-concerns/,2026-06-20
https://cms.sureodds.ng/*,2026-06-20
https://sureodds.ng/article/,2026-06-16
https://sureodds.ng/breaking-caf-awards-3-points-3-goals-against-libya-for-the-incident-with-a-fine-of-50000/,2026-06-15
https://sureodds.ng/category/football-stories/page/2/,2026-06-09
https://sureodds.ng/luka-modrics-season-ends-following-successful-facial-surgery/,2026-06-07
https://sureodds.ng/predictions-betting-tips/,2026-06-04
https://sureodds.ng/fermin-lopez-out-for-two-weeks-with-soleus-injury/,2026-06-04
https://sureodds.ng/ademola-lookman-reaches-100-appearances-for-atalanta/,2026-06-02
https://sureodds.ng/i-am-not-resigning-florentino-perez-calls-snap-elections-amid-health-rumors/feed/,2026-06-02
https://sureodds.ng/memphis-depay-completes-move-to-corinthians/,2026-06-02
https://sureodds.ng/rwanda-and-nigeria-ended-their-match-in-a-goalless-draw/,2026-06-01
https://sureodds.ng/tag/fermin-lopez/,2026-06-01
https://sureodds.ng/tammy-abraham-returns-to-aston-villa/,2026-06-01
https://sureodds.ng/defensive-crisis-manchester-united-face-chelsea-without-yoro-maguire-and-martinez/,2026-06-01
https://sureodds.ng/meet-the-nigerian-goalkeeper-turned-striker-who-netted-two-goals-for-his-club/,2026-06-01
https://sureodds.ng/emmanuel-dennis-joins-blackburn-rovers-on-loan-from-nottingham-forest/,2026-06-01
https://sureodds.ng/devastating-news-samu-omorodion-torns-acl/,2026-06-01
https://sureodds.ng/lookman-responds-to-gasperini-criticism-after-penalty-miss-with-social-media-statement/,2026-06-01
https://sureodds.ng/super-eagles-striker-gift-orban-scores-his-first-bundesliga-goal-in-hoffenheim-comeback/,2026-06-01
https://sureodds.ng/injury-update-sofyan-amrabat-to-undergo-surgery/,2026-06-01
https://sureodds.ng/supersport-united-defender-okon-chooses-south-africa-over-nigeria/,2026-06-01
https://sureodds.ng/captain-william-troost-ekong-retires-from-international-football/,2026-05-31
https://sureodds.ng/real-madrids-forward-shake-up-endrick-returning-to-join-mbappe-and-vinicius/,2026-05-31
https://sureodds.ng/nico-williams-in-barcelona-for-talks-lamine-yamal-shares-cryptic-image/,2026-05-31
https://sureodds.ng/arsenal-blow-mikel-merino-undergoes-foot-surgery/,2026-05-31
https://sureodds.ng/estevao-ruled-out-of-chelseas-champions-league-clash-with-psg/,2026-05-31
https://sureodds.ng/done-deal-alex-jimenez-permanent-at-bournemouth/,2026-05-31
https://sureodds.ng/see-iskaba-bus-wey-them-bring-boniface-says/feed/,2026-05-31
https://sureodds.ng/super-falcons-star-,2026-05-31
https://sureodds.ng/newcastle-united-secure-next-moises-caicedo-as-johan-martinez-deal-hits-here-we-go/,2026-05-31
https://sureodds.ng/tag/eric-chelle/,2026-05-31
https://sureodds.ng/history-made-al-ahli-retain-the-asian-champions-league-elite-title/feed/,2026-05-31
https://sureodds.ng/brown-ideye-finds-the-net-for-enyimba-in-caf-victory/,2026-05-31
https://sureodds.ng/roma-ready-donyell-malen-move-set-to-become-permanent/,2026-05-30
https://sureodds.ng/caf-announces-morocco-as-afcon-winners-after-ruling-senegal-forfeited-the-final/,2026-05-30
https://sureodds.ng/lamine-yamal-crowned-2026-laureus-world-young-sportsperson-of-the-year/,2026-05-30
https://sureodds.ng/as-roma-awaits-jadon-sanchos-decision-on-20m-move/,2026-05-30
https://sureodds.ng/italian-football-crisis-figc-president-gabriele-gravina-resigns-after-world-cup-disaster/,2026-05-30
https://sureodds.ng/jesse-lingard-to-corinthians-here-we-go/,2026-05-30
https://sureodds.ng/historic-low-chelsea-suffer-five-consecutive-scoreless-defeats-for-first-time-in-114-years/,2026-05-30
https://sureodds.ng/sky-blues-rise-coventry-city-secure-historic-return-to-the-premier-league/,2026-05-30
https://sureodds.ng/guillermo-hoyos-takes-charge-of-inter-miamis-interim-era/,2026-05-30
https://sureodds.ng/daniel-ogunmodede-leaves-remo-stars-by-mutual-consent/,2026-05-30
https://sureodds.ng/double-delight-desire-doue-crowned-ligue-1-best-young-player-for-second-consecutive-year/,2026-05-30
https://sureodds.ng/academy-excellence-max-dowman-and-rio-ngumoha-sweep-premier-league-youth-awards/,2026-05-30
https://sureodds.ng/huge-blow-for-spurs-cristian-romero-out-for-season-with-mcl-injury-world-cup-hopes-intact/,2026-05-30
https://sureodds.ng/super-eagles-defender-william-troost-ekong-nominated-for-fifa-best-mens-defender-award/,2026-05-30
https://sureodds.ng/man-city-enters-race-for-hertha-sensation-kennet-eichhorn-battle-with-arsenal-and-leverkusen-heating-up/,2026-05-30
https://sureodds.ng/page/122/,2026-05-30
https://sureodds.ng/tag/rwanda/,2026-05-30
https://sureodds.ng/breaking-thomas-frank-sacked-by-tottenham/,2026-05-30
https://sureodds.ng/chidera-ejuke-becomes-first-nigerian-to-score-for-sevilla/,2026-05-30
https://sureodds.ng/the-masked-marksman-robert-lewandowski-ready-for-battle-at-san-mames/,2026-05-30
https://sureodds.ng/super-eagles-coaching-staff-visit-iwobi-simon-and-ndidi-to-discuss-qualifiers/,2026-05-30
https://sureodds.ng/taiwo-awoniyi-celebrates-his-first-goal-with-touching-tribute/,2026-05-30
https://sureodds.ng/tag/luka-modrics/,2026-05-30
https://sureodds.ng/tag/boniface/,2026-05-30
https://sureodds.ng/heartbreak-for-eder-militao-defender-ruled-out-of-2026-world-cup/,2026-05-30
https://sureodds.ng/victor-moses-joins-luton-town-on-free-transfer/,2026-05-30
https://sureodds.ng/luka-modric-to-undergo-surgery-after-suffering-facial-fracture/,2026-05-30
https://sureodds.ng/footballers-with-the-best-tattoos/,2026-05-30
https://sureodds.ng/oscar-hospitalized-with-heart-condition-retirement-feared/,2026-05-30
https://sureodds.ng/breaking-joan-laporta-wins-the-elections-as-barcelona-president/,2026-05-30
https://sureodds.ng/champions-league-bound-manchester-united-secure-top-four-spot-with-thrilling-derby-win/,2026-05-30
https://sureodds.ng/tag/confederation-of-african-football/,2026-05-30
https://sureodds.ng/sealed-daniele-ghilardi-is-permanently-roma/,2026-05-30
https://sureodds.ng/super-eagles-squad-unveiled-okoye-and-ejuke-return-for-crucial-world-cup-play-offs/,2026-05-30
https://sureodds.ng/victor-boniface-is-out-of-the-season-after-picking-up-an-injury-against-rwanda/,2026-05-29
https://sureodds.ng/edouard-mendy-extends-al-ahli-stay-until-june-2028/,2026-05-29
https://sureodds.ng/barcelona-pushing-for-bastoni-deal-as-inter-set-to-decide-his-future/,2026-05-29
https://sureodds.ng/live-scores/,2026-05-29
https://sureodds.ng/tag/hansi-flick/,2026-05-29
https://sureodds.ng/edo-queens-nigeria-makes-the-list-of-caf-club-of-the-year-women-award-for-2024/,2026-05-29
https://sureodds.ng/tottenham-appoint-roberto-de-zerbi-as-new-head-coach/,2026-05-29
https://sureodds.ng/editorial-guidelines/,2026-05-29
https://sureodds.ng/tag/la-liga/feed/,2026-05-29
https://sureodds.ng/super-falcons-star-francisca-ordega-joins-al-ittihad-ladies-in-saudi-arabia/,2026-05-29
https://sureodds.ng/photos-of-ademola-lookman-with-his-caf-mens-player-of-the-year-award/,2026-05-29
https://sureodds.ng/man-united-interested-in-tonali-while-manchester-city-lead-race-for-elliot-anderson/,2026-05-29
https://sureodds.ng/tag/real-madrid/,2026-05-29
https://sureodds.ng/arsenal-captain-martin-odegaard-ruled-out-of-leverkusen-clash/,2026-05-29
https://sureodds.ng/transfer-watch-manchester-city-lead-race-for-elliot-anderson/,2026-05-29
https://sureodds.ng/neymar-to-santos-edges-closer-after-al-hilal-agree-contract-termination/,2026-05-29
https://sureodds.ng/checkout-all-the-24-teams-set-for-afcon-2025-in-morocco/feed/,2026-05-29
https://sureodds.ng/injury-scare-kylian-mbappe-faces-hamstring-overload-following-betis-draw/,2026-05-29
https://sureodds.ng/david-datro-fofana-set-for-loan-move-to-aek-athens/,2026-05-29
https://sureodds.ng/antoine-griezmann-hangs-up-international-boots/,2026-05-29
https://sureodds.ng/ashely-cole-becomes-head-coach-of-italian-serie-b-side-cesena/,2026-05-29
https://sureodds.ng/atletico-madrid-announce-partnership-with-red-bull/,2026-05-29
https://sureodds.ng/xabi-alonso-emerges-as-chelseas-primary-target-amid-management-reshuffle/,2026-05-29
https://sureodds.ng/here-we-go-simon-adingra-to-as-monaco/,2026-05-29
https://sureodds.ng/tag/caf/,2026-05-29
https://sureodds.ng/tag/barcelona/,2026-05-29
https://sureodds.ng/as-roma-sacks-daniele-de-rossi/,2026-05-29
https://sureodds.ng/photos-of-super-eagles-players-held-hostage-at-libyan-airport/,2026-05-29
https://sureodds.ng/tag/asian-champions-league-elite-title/,2026-05-29
https://sureodds.ng/bernardo-silvas-departure-confirmed-man-city-assistant-pep-lijnders-pays-tribute-to-unique-captain/,2026-05-29
https://sureodds.ng/safety-first-mbappe-sidelined-for-champions-league-clash-with-benfica/,2026-05-29
https://sureodds.ng/tottenham-crisis-igor-tudor-on-the-brink-as-spurs-actively-working-on-replacements/,2026-05-29
https://sureodds.ng/antoine-griezmann-set-to-join-orlando-city/,2026-05-29
https://sureodds.ng/neymar-returns-brazil-includes-number-10-in-55-man-preliminary-world-cup-squad/,2026-05-29
https://sureodds.ng/end-of-an-era-villarreal-and-marcelino-to-part-ways-this-summer/,2026-05-29
https://sureodds.ng/defensive-boost-reece-james-and-levi-colwill-return-to-chelsea-training/,2026-05-29
https://sureodds.ng/the-top-10-highest-paid-footballers-of-2024/,2026-05-29
https://sureodds.ng/barcelona-clinch-29th-la-liga-title-with-el-clasico-masterclass/,2026-05-29
https://sureodds.ng/aston-villa-push-for-douglas-luiz-reunion/,2026-05-29
https://sureodds.ng/long-term-vision-borussia-dortmund-closing-in-on-new-deal-for-samuele-inacio/,2026-05-29
https://sureodds.ng/darwin-nachis-four-straight-relegations-from-la-liga-an-unwanted-record/,2026-05-29
https://sureodds.ng/al-hilal-facing-injury-crisis-benzema-and-al-dawsari-sidelined/,2026-05-29
https://sureodds.ng/goals-and-assist-mikels-daughters-lead-team-to-4-0-triumph/,2026-05-29
https://sureodds.ng/west-ham-launch-serious-bid-for-forest-striker-taiwo-awoniyi/,2026-05-29
https://sureodds.ng/feed.xml,2026-05-29
https://sureodds.ng/spurs-blow-cristian-romero-banned-for-four-games/,2026-05-29
https://sureodds.ng/here-we-go-quinten-timber-to-marseille/,2026-05-29
https://sureodds.ng/mike-maignan-to-sign-for-life-at-ac-milan/,2026-05-29
https://sureodds.ng/one-final-dance-memo-ochoa-to-make-history-at-2026-world-cup/,2026-05-29
https://sureodds.ng/victor-boniface-survives-car-accident/,2026-05-29
https://sureodds.ng/history-in-the-making-marie-louise-eta-becomes-first-female-manager-to-win-in-a-top-5-league/,2026-05-29
https://sureodds.ng/kelechi-iheanacho-joins-middlesbrough-on-loan-from-sevilla/,2026-05-29
https://sureodds.ng/merih-demiral-signs-new-al-ahli-deal-until-june-2029/,2026-05-29
https://sureodds.ng/pain-into-power-ademola-lookman-says/,2026-05-29
https://sureodds.ng/mateta-update-no-surgery-for-crystal-palace-star/,2026-05-29
https://sureodds.ng/page/2/,2026-05-29
https://sureodds.ng/end-of-an-era-walid-regragui-departs-morocco-after-historic-run/,2026-05-29
https://sureodds.ng/official-real-madrid-issue-crucial-medical-update-on-kylian-mbappe/,2026-05-29
https://sureodds.ng/medical-update-kylian-mbappe-diagnosed-with-semitendinosus-muscle-injury/,2026-05-29
https://sureodds.ng/5-things-you-need-to-know-about-eric-sekou-chelle-the-new-super-eagles-head-coach/,2026-05-29
https://sureodds.ng/nigerian-stars-ademola-lookman-and-william-troost-ekong-miss-out-on-fifa-fifpro-world-xi-nomination/,2026-05-29
https://sureodds.ng/page/124/,2026-05-29
https://sureodds.ng/tag/morocco/,2026-05-29
https://sureodds.ng/campioni-ditalia-inter-milan-secure-21st-scudetto-under-cristian-chivu/feed/,2026-05-29
https://sureodds.ng/sevillas-next-south-american-gem-patrik-mercado-is-here-we-go-done/,2026-05-29
https://sureodds.ng/tottenham-are-pushingl-to-appoint-roberto-de-zerbi-as-head-coach/,2026-05-29
https://sureodds.ng/shakhtar-donetsk-secure-next-big-thing-bruninho-in-e12m-brazilian-raid/,2026-05-29
https://sureodds.ng/season-over-liverpool-bound-jeremy-jacquet-to-undergo-shoulder-surgery/,2026-05-29
https://sureodds.ng/vinicius-junior-confirms-cameroonian-ancestry-with-dna-certificate/,2026-05-29
https://sureodds.ng/ronwen-williams-wins-mens-interclub-player-of-the-year-and-mens-goalkeeper-of-the-year/,2026-05-29
https://sureodds.ng/goncalo-ramos-open-to-psg-exit-this-summer/feed/,2026-05-29
https://sureodds.ng/super-eagles-stars-lookman-osimhen-boniface-ndidi-and-more-shine-bright-in-europe/,2026-05-29
https://sureodds.ng/alex-iwobi-scores-twice-surpasses-kanu-in-premier-league-appearances/,2026-05-29
https://sureodds.ng/gift-orban-joins-bundesliga-club-hoffenheim/,2026-05-29
https://sureodds.ng/ademola-lookman-responds-with-brace-after-coach-kriticism-shines-against-empoli/,2026-05-29
https://sureodds.ng/ademola-lookman-becomes-first-to-score-10-goals-in-three-straight-serie-a-seasons/,2026-05-29
https://sureodds.ng/everton-reach-verbal-agreement-for-kenny-tete-on-free-transfer/,2026-05-29
https://sureodds.ng/tag/asisat-oshoala/,2026-05-29
https://sureodds.ng/ademola-lookman-makes-the-final-list-of-caf-player-of-the-year-men-award/feed/,2026-05-29
https://sureodds.ng/lionel-messi-reaches-900-career-goals-at-38-years-old/,2026-05-29
https://sureodds.ng/luis-enrique-kvara-is-key-for-our-second-half/,2026-05-29
https://sureodds.ng/crystal-palace-stands-firm-with-oliver-glasner-amid-turbulent-times/,2026-05-29
https://sureodds.ng/england-can-win-2026-world-cup-lee-carsley/,2026-05-29
https://sureodds.ng/fulham-in-talks-to-sign-samuel-chukwueze-from-ac-milan-in-e25m-deal/,2026-05-29
https://sureodds.ng/here-we-go-seko-fofana-to-fc-porto/,2026-05-29
https://sureodds.ng/liverpool-in-talks-with-lutsharel-geertruida/,2026-05-29
https://sureodds.ng/african-footballers-and-there-beautiful-partners/,2026-05-29
https://sureodds.ng/category/epl/epl-top-headline/,2026-05-29
https://sureodds.ng/emotional-return-rinat-akhmetov-attends-first-shakhtar-match-in-12-years/,2026-05-29
https://sureodds.ng/galeno-set-for-al-ahli-porto-authorize-medicals-after-summer-setback/,2026-05-29
https://sureodds.ng/page/119/,2026-05-29
https://sureodds.ng/why-victor-bonifaces-ac-milan-transfer-collapsed/,2026-05-29
https://sureodds.ng/weston-mckennie-extends-juventus-legacy-a-new-era-in-turin/,2026-05-29
https://sureodds.ng/samuel-chukwueze-returns-from-injury-to-score-dramatic-ac-milan-winner/,2026-05-29
https://sureodds.ng/taye-taiwo-inducted-into-marseilles-hall-of-fame/,2026-05-29
https://sureodds.ng/stanley-nwabali-makes-the-finalist-of-goalkeeper-of-the-year-men-award-for-the-2024-caf-awards/,2026-05-29
https://sureodds.ng/enyimba-sign-former-west-brom-striker-brown-ideye/,2026-05-29
https://sureodds.ng/barcelona-will-extend-marc-bernals-contract-despite-his-injury/,2026-05-29
https://sureodds.ng/reece-james-injured-out-of-leicester-clash/,2026-05-29
https://sureodds.ng/bayern-munich-injury-blow-lennart-karl-sidelined-with-hamstring-tear-ahead-of-real-madrid-return/,2026-05-28
https://sureodds.ng/ansu-fati-set-for-permanent-as-monaco-move-in-e11m-deal/,2026-05-28
https://sureodds.ng/bizarre-setback-for-real-madrid-camavinga-ruled-out-of-getafe-clash/,2026-05-28
https://sureodds.ng/arsenals-set-piece-mastery-powers-past-manchester-united/,2026-05-28
https://sureodds.ng/niclas-fullkrug-to-exit-ac-milan-rossoneri-will-not-trigger-e5m-option-as-striker-struggles-in-serie-a/,2026-05-28
https://sureodds.ng/devastating-news-samu-omorodion-torns-acl-2/,2026-05-28
https://sureodds.ng/galatasaray-confirms-leroy-sanes-staggering-contract-details/,2026-05-28
https://sureodds.ng/permanent-stay-inter-milan-set-to-sign-manuel-akanji/,2026-05-28
https://sureodds.ng/hansi-flick-named-la-ligas-coach-of-the-month-for-august/feed/,2026-05-28
https://sureodds.ng/tag/inter-milan/,2026-05-28
https://sureodds.ng/ronaldo-to-become-al-nassr-part-owner-e183m-deal-recruitment-influence/,2026-05-28
https://sureodds.ng/super-eagles-star-ademola-lookman-nominated-for-fifa-best-mens-attacker/,2026-05-28
https://sureodds.ng/wolves-relegated-the-end-of-an-eight-year-premier-league-journey/,2026-05-28
https://sureodds.ng/super-falcons-falconetsflamingos-made-the-list-of-caf-national-team-of-the-year-women/,2026-05-28
https://sureodds.ng/official-jeremie-frimpong-joins-liverpool-in-e35m-deal-from-bayer-leverkusen/,2026-05-28
https://sureodds.ng/enyimba-unveils-super-eagles-legend-brown-ideye-as-their-new-striker/,2026-05-28
https://sureodds.ng/terms-conditions/,2026-05-28
https://sureodds.ng/*,2026-05-28
https://sureodds.ng/mbappe-bellingham-and-carreras-are-back-in-the-real-madrid-squad-for-the-champions-league-clash-against-manchester-city/,2026-05-28
https://sureodds.ng/osimhen-okoye-cleared-for-tuesday-arrival-ahead-of-gabon-clash/,2026-05-28
https://sureodds.ng/filip-kostic-has-joined-fenerbahce-on-loan-from-juventus-with-an-option-to-buy/,2026-05-28
https://sureodds.ng/aston-villas-director-of-football-monchi-says-over-40-clubs-want-to-sign-jhon-duran/,2026-05-28
https://sureodds.ng/fc-porto-reclaim-portuguese-throne-with-31st-title/,2026-05-28
https://sureodds.ng/lookmans-atalanta-exit-still-planned-despite-recent-spat-says-romano/,2026-05-28
https://sureodds.ng/arsenals-rising-star-marli-salmon-commits-future-with-pre-contract-agreement/,2026-05-28
https://sureodds.ng/page/120/,2026-05-28
https://sureodds.ng/category/epl/page/8/,2026-05-27
https://sureodds.ng/the-special-one-returns-mourinho-emerges-as-top-target-for-real-madrid/,2026-05-27
https://sureodds.ng/gini-wijnaldum-set-for-al-ettifaq-departure-financial-hurdles-end-saudi-stay/,2026-05-27
https://sureodds.ng/page/116/,2026-05-27
https://sureodds.ng/thomas-partey-set-for-arsenal-exit-as-contract-talks-stall/,2026-05-27
https://sureodds.ng/umar-sadiq-set-to-join-valencia-on-loan/,2026-05-27
https://sureodds.ng/robert-lewandowski-reaches-41-teams-scored-against-in-ucl-history-a-new-record/,2026-05-27
https://sureodds.ng/fenerbahce-part-ways-with-domenico-tedesco-following-derby-defeat,2026-05-27
https://sureodds.ng/category/epl/page/3/,2026-05-26
https://sureodds.ng/tag/flamengo/,2026-05-26
https://sureodds.ng/west-ham-lands-kyle-walker-peters-on-three-year-deal/,2026-05-26
https://sureodds.ng/here-we-go-mamadou-sarr-recalled-to-chelsea/,2026-05-26
https://sureodds.ng/napoli-intensify-push-for-milinkovic-savic-eyeing-e18m-deal-to-beat-man-utd/,2026-05-26
https://sureodds.ng/real-madrid-captain-dani-carvajal-sidelined-until-january/,2026-05-26
https://sureodds.ng/tammy-abraham-nears-besiktas-move-in-e20m-deal/,2026-05-26
https://sureodds.ng/here-we-go-lorenzo-lucca-to-nottingham-forest/,2026-05-26
https://sureodds.ng/category/epl/page/4/,2026-05-26
https://sureodds.ng/here-we-go-noa-lang-to-galatasaray/,2026-05-25
https://sureodds.ng/jan-bednarek-joins-fc-porto-on-four-year-deal-for-e7-5m/,2026-05-25
https://sureodds.ng/tag/arsenal/page/2/,2026-05-25
https://sureodds.ng/category/epl/page/27/,2026-05-25
https://sureodds.ng/here-we-go-neal-maupay-to-sevilla/,2026-05-25
https://sureodds.ng/tag/real-madrid/page/4/,2026-05-25
https://sureodds.ng/done-deal-alex-toth-to-bournemouth/,2026-05-24
https://sureodds.ng/jhon-duran-joins-zenit-st-petersburg/,2026-05-18
https://sureodds.ng/$,2026-05-18
https://sureodds.ng/&,2026-05-18
https://sureodds.ng/super-eagles-striker-umar-sadiq-scores-on-valencia-debut/,2026-05-18
https://sureodds.ng/champions-league-last-16-european-giants-clash-draw-set-for-friday/,2026-05-18
https://sureodds.ng/jeremie-frimpong-suffers-real-setback-with-netherlands-liverpool-sweating-over-fitness/,2026-05-18
https://www.sureodds.ng/$,2026-05-18
https://sureodds.ng/the-legend-extends-manuel-neuer-reaches-total-agreement-with-bayern-until-2027/,2026-05-18
https://sureodds.ng/not-a-done-deal-andres-iniesta-and-morocco-still-in-negotiations/,2026-05-18
https://sureodds.ng/tag/ferland-mendy/,2026-05-18
https://sureodds.ng/fermin-lopez-out-for-two-weeks-with-soleus-injury/feed/,2026-05-18
https://sureodds.ng/ac-milan-closing-in-on-corinthians-prodigy-andre/,2026-05-17
https://sureodds.ng/super-eagles-striker-cyriel-dessers-hits-150-club-career-goals-with-rangers/,2026-05-17
https://sureodds.ng/fenerbahce-part-ways-with-domenico-tedesco-following-derby-defeat/feed/,2026-05-17
https://sureodds.ng/former-u-20-star-gift-atulewa-passes-away/,2026-05-17
https://sureodds.ng/daily-tips/,2026-05-17
https://sureodds.ng/taiwo-awoniyi-could-face-fa-sanction-after-revealing-a-religious-message-during-nottingham-forests-3-0-win-over-tottenham-hotspur/,2026-05-17
https://sureodds.ng/bayern-munich-push-to-secure-harry-kanes-future-after-upamecano-deal/,2026-05-17
https://sureodds.ng/captain-fantastic-reece-james-signs-new-chelsea-deal-until-2032/,2026-05-17
https://sureodds.ng/ademola-lookman-out-for-barcelona-clash-with-knee-injury/,2026-05-17
https://sureodds.ng/valentin-colo-barco-agrees-to-chelsea-summer-move-personal-terms-set-for-blueco-step-up/,2026-05-16
https://sureodds.ng/carlos-queiroz-takes-charge-of-black-stars-73-year-old-appointed-ghana-head-coach-for-2026-world-cup/,2026-05-16
https://sureodds.ng/real-madrid-ends-pursuit-of-liverpools-ibrahima-konate-for-2026/,2026-05-16
https://sureodds.ng/super-eagles-striker-chuba-akpom-joins-lille-on-loan/,2026-05-15
https://sureodds.ng/nico-paz-agrees-to-real-madrid-return-in-june-2026/,2026-05-14
https://sureodds.ng/medical-scare-at-the-bernabeu-latest-on-raul-asencio/,2026-05-14
https://sureodds.ng/ac-milan-delays-final-verdict-on-victor-boniface-signing-over-injury-concerns/,2026-05-07
https://sureodds.ng/victor-boniface-arrives-in-milan-for-medical-ahead-of-ac-milan-move/,2026-04-29